epoch,lr,train_loss,train_accuracy,validation_loss,validation_accuracy,best_validation_accuracy_so_far,official_test_accuracy,checkpoint,elapsed_s
1,9.999931461237134e-05,0.4989120463795132,82.69777777777777,0.4112506938934326,85.82,85.82,,best_validation.pt,16.514556407928467
2,9.999725846827562e-05,0.45417713481055366,84.16222222222223,0.4395898849010468,85.0,85.82,,,16.293052196502686
3,9.999383162408305e-05,0.4377949814478556,84.7688888888889,0.42926569476127624,84.76,85.82,,,16.651767015457153
4,9.99890341737423e-05,0.44323093297216626,84.58888888888889,0.4945630414009094,83.2,85.82,,,16.37483549118042
5,9.998286624877787e-05,0.43719253249698214,84.69333333333333,0.4640939431667328,83.66,85.82,,,16.298415899276733
6,9.99753280182866e-05,0.4342208206918505,84.77777777777777,0.42246952826976775,85.24,85.82,,,16.28480076789856
7,9.996641968893282e-05,0.4330281942791409,84.82888888888888,0.4636704755783081,83.62,85.82,,,16.349274396896362
8,9.995614150494293e-05,0.44245851522551644,84.69777777777777,0.42609905440807344,85.48,85.82,,,16.44777488708496
9,9.994449374809851e-05,0.42628042894999185,85.22,0.40035745785832405,86.02,86.02,,best_validation.pt,16.81000542640686
10,9.993147673772868e-05,0.42842813100285,85.06444444444445,0.43973932495117185,84.38,86.02,,,16.565714597702026
11,9.991709083070141e-05,0.42073266514672175,85.05777777777777,0.43415928308963775,84.66,86.02,,,16.91662073135376
12,9.990133642141357e-05,0.42723412742614747,85.08,0.4262334832787514,85.12,86.02,,,16.385441303253174
13,9.988421394178026e-05,0.42369614073435463,85.10888888888888,0.4645578798294067,83.54,86.02,,,16.33321499824524
14,9.98657238612229e-05,0.4255929677804311,85.08666666666667,0.43741494016647336,85.02,86.02,,,16.31340217590332
15,9.98458666866564e-05,0.4210695601410336,85.23555555555555,0.4782908621788025,83.6,86.02,,,16.327962398529053
16,9.982464296247522e-05,0.42294305050108166,85.00444444444445,0.47100062415599825,83.68,86.02,,,16.32218623161316
17,9.98020532705385e-05,0.4245347049077352,85.19777777777777,0.45608158712387087,84.18,86.02,,,16.299951553344727
18,9.977809823015401e-05,0.42965433081520926,84.86444444444444,0.4387613526105881,84.24,86.02,,,16.26260781288147
19,9.975277849806133e-05,0.42706186690860326,85.08,0.45810007390379903,84.04,86.02,,,16.261120557785034
20,9.972609476841367e-05,0.4252149245738983,85.05111111111111,0.512334262996912,82.46,86.02,,,16.226449251174927
21,9.9698047772759e-05,0.42668708374765185,85.11777777777777,0.41830543352365496,85.6,86.02,,,16.278207778930664
22,9.966863828001982e-05,0.4280634087880453,84.82888888888888,0.4338193263337016,84.78,86.02,,,16.272275924682617
23,9.963786709647228e-05,0.42486908659934997,85.17777777777778,0.40906275852322577,85.68,86.02,,,16.338002920150757
24,9.96057350657239e-05,0.42453153143988714,85.00666666666666,0.4550394109606743,84.94,86.02,,,16.3134126663208
25,9.957224306869052e-05,0.42176697319348655,85.50666666666666,0.44096128084659575,84.18,86.02,,,16.382622003555298
26,9.953739202357217e-05,0.424755079709159,85.15333333333334,0.428404848742485,85.24,86.02,,,16.28958249092102
27,9.950118288582786e-05,0.42809439403745864,84.95777777777778,0.43689377247095107,84.88,86.02,,,16.280009269714355
28,9.94636166481494e-05,0.42885189134809704,84.88,0.4749685595631599,83.22,86.02,,,16.296438217163086
29,9.942469434043415e-05,0.4334301715215047,84.85555555555555,0.4519508287847042,84.36,86.02,,,16.371078968048096
30,9.938441702975687e-05,0.4200534785641564,85.34222222222222,0.4815327706754208,83.82,86.02,,,16.36949396133423
31,9.934278582034034e-05,0.4286901646084256,85.00666666666666,0.43362009996175765,85.04,86.02,,,16.28355097770691
32,9.929980185352523e-05,0.4237361984570821,85.36666666666666,0.4523605973184109,84.48,86.02,,,16.34686255455017
33,9.925546630773868e-05,0.42596409977806937,85.23333333333333,0.44984565773010254,83.66,86.02,,,16.323050260543823
34,9.920978039846207e-05,0.43127188614209494,84.93333333333334,0.47807904586791994,83.56,86.02,,,16.308366298675537
35,9.916274537819772e-05,0.42469510396321614,85.18888888888888,0.4773984982967377,83.48,86.02,,,16.582335948944092
36,9.911436253643443e-05,0.4228443165249295,85.4,0.4345487701177597,85.08,86.02,,,16.635234117507935
37,9.906463319961224e-05,0.4205893418947856,85.36888888888889,0.46215049786567686,84.22,86.02,,,16.38671612739563
38,9.901355873108608e-05,0.42434120983547635,85.24666666666667,0.43191647176742554,85.08,86.02,,,16.432847499847412
39,9.896114053108828e-05,0.42503584106233383,84.96444444444444,0.4360993989467621,84.52,86.02,,,16.207804679870605
40,9.890738003669028e-05,0.4179359395662944,85.35111111111111,0.4449278024673462,84.16,86.02,,,16.21723747253418
41,9.885227872176318e-05,0.42321617782380844,85.24444444444444,0.5037416870594025,83.26,86.02,,,15.769310474395752
42,9.879583809693737e-05,0.43186853737831116,84.8488888888889,0.45267877546548846,84.72,86.02,,,15.72234058380127
43,9.873805970956108e-05,0.42117141784032186,85.41777777777777,0.4638203246057033,83.8,86.02,,,15.694230318069458
44,9.8678945143658e-05,0.4263505942132738,85.04666666666667,0.4229778776168823,84.84,86.02,,,15.592528104782104
45,9.861849601988383e-05,0.4264714693705241,84.9888888888889,0.46255856128036976,84.38,86.02,,,15.735765933990479
46,9.855671399548181e-05,0.4241141475412581,85.12666666666667,0.44098650860786437,84.4,86.02,,,15.728885889053345
47,9.849360076423736e-05,0.4214992241276635,85.26666666666667,0.4413314719438553,84.38,86.02,,,16.089183807373047
48,9.842915805643157e-05,0.4234163701587253,85.18444444444444,0.513083214366436,82.64,86.02,,,16.576993942260742
49,9.836338763879386e-05,0.429622406217787,85.02222222222223,0.46335824657678604,84.44,86.02,,,16.29567790031433
50,9.829629131445343e-05,0.431018930806054,84.96,0.46587369706630705,83.52,86.02,,,16.43494987487793
51,9.822787092288992e-05,0.42097689737743804,85.33555555555556,0.4655141432404518,84.14,86.02,,,16.252038955688477
52,9.815812833988293e-05,0.4167698859214783,85.51777777777778,0.4826255668401718,83.88,86.02,,,16.258029222488403
53,9.808706547746058e-05,0.4319701314767202,84.64444444444445,0.44862161531448363,84.96,86.02,,,16.332239389419556
54,9.801468428384717e-05,0.420682653342353,85.44444444444444,0.5272838921874762,81.88,86.02,,,16.339829683303833
55,9.794098674340967e-05,0.4276502461751302,85.05555555555556,0.46887739780545235,83.72,86.02,,,16.273600578308105
56,9.786597487660337e-05,0.42735661290486654,85.15555555555555,0.4533826752483845,84.24,86.02,,,16.19765019416809
57,9.778965073991651e-05,0.4244465666241116,85.13777777777777,0.4943624260902405,83.4,86.02,,,16.34761619567871
58,9.771201642581385e-05,0.423014616033766,85.08,0.45793116474151613,84.24,86.02,,,16.160836696624756
59,9.763307406267932e-05,0.4234791744073232,85.13333333333334,0.4513732276439667,84.52,86.02,,,16.318066120147705
60,9.755282581475769e-05,0.4318639983283149,84.82888888888888,0.4841620312690735,83.28,86.02,,,16.41255497932434
61,9.74712738820952e-05,0.42875502987967595,85.2088888888889,0.49392715762853623,82.54,86.02,,,16.44124722480774
62,9.73884205004793e-05,0.4262399471653832,85.12444444444445,0.4670229232847691,83.88,86.02,,,16.42021632194519
63,9.730426794137727e-05,0.4243297738869985,85.05555555555556,0.440819312953949,84.28,86.02,,,16.461683988571167
64,9.721881851187406e-05,0.42988344293170505,85.09555555555555,0.46670420645475386,84.06,86.02,,,16.484429121017456
65,9.713207455460892e-05,0.42043252835803563,85.34444444444445,0.48307079403996467,83.72,86.02,,,16.37237310409546
66,9.704403844771128e-05,0.42753414096302456,85.02888888888889,0.4659868479728699,83.8,86.02,,,16.488407135009766
67,9.695471260473545e-05,0.43394653788142734,84.79555555555555,0.4744401416182518,83.68,86.02,,,16.54642629623413
68,9.686409947459458e-05,0.43496556393305463,84.84666666666666,0.44708069036006926,84.62,86.02,,,16.545490980148315
69,9.677220154149336e-05,0.43586115078396265,84.72222222222223,0.4648161064624786,83.92,86.02,,,16.623300790786743
70,9.667902132486008e-05,0.4265877140839895,85.13777777777777,0.47616155478954314,83.72,86.02,,,16.768593311309814
71,9.658456137927744e-05,0.4312383898999956,84.9888888888889,0.46600585629940033,83.84,86.02,,,16.83485221862793
72,9.648882429441255e-05,0.42739662613338897,85.00444444444445,0.4451278520345688,84.5,86.02,,,16.911237478256226
73,9.639181269494599e-05,0.42607086044947307,85.1511111111111,0.5102692568689585,82.5,86.02,,,16.5660719871521
74,9.629352924049974e-05,0.425342971807056,85.24222222222222,0.4434294599354267,84.52,86.02,,,16.5913987159729
75,9.619397662556433e-05,0.43044792051315306,84.97111111111111,0.4855118654251099,83.44,86.02,,,16.55511713027954
76,9.609315757942503e-05,0.4305064576678806,84.99555555555555,0.535014629149437,80.94,86.02,,,16.56445002555847
77,9.599107486608689e-05,0.429862501472897,84.9888888888889,0.45633184990882875,84.04,86.02,,,16.70504879951477
78,9.588773128419906e-05,0.4250967849996355,85.21111111111111,0.46076062936782836,83.88,86.02,,,16.599175930023193
79,9.578312966697806e-05,0.4279206093470255,84.96222222222222,0.4412891288518906,84.54,86.02,,,16.450888633728027
80,9.567727288213005e-05,0.4284854334725274,84.9088888888889,0.4617423575401306,83.78,86.02,,,16.480135679244995
81,9.557016383177227e-05,0.43423870078192817,84.71111111111111,0.4780470230102539,83.86,86.02,,,16.460029125213623
82,9.546180545235344e-05,0.4275338247881995,84.95777777777778,0.5146682262063026,82.34,86.02,,,16.52253293991089
83,9.535220071457326e-05,0.4238976365036435,85.04888888888888,0.44573824140429497,84.58,86.02,,,16.610108137130737
84,9.524135262330099e-05,0.42686151828765867,85.03333333333333,0.5418031907081604,81.96,86.02,,,16.87390160560608
85,9.512926421749305e-05,0.43371089516745676,84.92,0.40941526559591296,85.46,86.02,,,16.490105152130127
86,9.501593857010969e-05,0.426486847114563,85.11555555555556,0.48670997171401975,82.74,86.02,,,16.449678897857666
87,9.490137878803079e-05,0.43239373206562465,84.84444444444445,0.46366720340847967,83.88,86.02,,,16.396684646606445
88,9.478558801197065e-05,0.43060025255944995,85.13555555555556,0.48246595902442935,83.3,86.02,,,16.432579517364502
89,9.466856941639188e-05,0.4292694360415141,85.03777777777778,0.5313886993408203,81.86,86.02,,,16.478742122650146
90,9.45503262094184e-05,0.43341431283950804,84.83333333333333,0.4890004391551018,82.76,86.02,,,16.42667508125305
91,9.443086163274745e-05,0.42737006237771774,85.12666666666667,0.47245856120586394,83.68,86.02,,,16.61009407043457
92,9.431017896156075e-05,0.4293405570348104,84.96444444444444,0.4858627136230469,83.48,86.02,,,16.756168365478516
93,9.41882815044347e-05,0.4269525333510505,85.15333333333334,0.5410254035323858,81.8,86.02,,,16.909855365753174
94,9.406517260324963e-05,0.4293829048898485,84.99333333333334,0.4816834051847458,83.76,86.02,,,16.87289071083069
95,9.39408556330983e-05,0.42729698316786024,85.06222222222222,0.4360831720352173,84.68,86.02,,,16.4860098361969
96,9.38153340021932e-05,0.4278705423196157,85.09777777777778,0.4373467852830887,85.24,86.02,,,16.53227162361145
97,9.368861115177329e-05,0.42606844997406007,84.9888888888889,0.4711575250685215,83.7,86.02,,,16.63374948501587
98,9.356069055600949e-05,0.42212301698260835,85.10888888888888,0.46949199350625276,83.74,86.02,,,16.527108192443848
99,9.343157572190958e-05,0.4280502963648902,85.14666666666666,0.45593783260583876,84.48,86.02,,,16.459322690963745
100,9.330127018922194e-05,0.4229592452155219,85.1511111111111,0.44164413957595827,84.56,86.02,82.81,epoch_100.pt,17.900583028793335
101,9.316977753033859e-05,0.4287530991660224,84.88666666666667,0.49859589883089067,82.12,86.02,,,16.207890510559082
102,9.30371013501972e-05,0.4295784015125699,84.9888888888889,0.43619177285432814,84.34,86.02,,,15.678523778915405
103,9.290324528618225e-05,0.4292703722423977,84.92,0.4963762405991554,82.86,86.02,,,15.709381580352783
104,9.276821300802535e-05,0.43706339263386196,84.67111111111112,0.4329793396949768,84.62,86.02,,,15.55309271812439
105,9.263200821770462e-05,0.41928304947217304,85.17111111111112,0.4611352608680725,83.78,86.02,,,15.598312377929688
106,9.249463464934321e-05,0.42113308198716903,85.33333333333333,0.5143979507289826,82.86,86.02,,,15.671905755996704
107,9.235609606910687e-05,0.43210184525913664,84.96666666666667,0.4542894066870213,84.66,86.02,,,15.614177465438843
108,9.221639627510076e-05,0.4260963042047289,85.0,0.4610140724956989,84.44,86.02,,,15.548504829406738
109,9.207553909726532e-05,0.4264654672410753,85.2911111111111,0.4619423696279526,84.66,86.02,,,15.76320219039917
110,9.193352839727121e-05,0.4277761885378096,85.04666666666667,0.49767173471450804,83.2,86.02,,,15.660076141357422
111,9.179036806841353e-05,0.428032913462321,85.05555555555556,0.4925892697572708,83.28,86.02,,,15.629947900772095
112,9.164606203550498e-05,0.42565567732916937,85.02222222222223,0.45780602033138273,84.34,86.02,,,15.46108865737915
113,9.150061425476839e-05,0.42895411870744493,84.97111111111111,0.4475652425289154,84.4,86.02,,,15.693661451339722
114,9.13540287137281e-05,0.427143610074785,85.09777777777778,0.45646262563467027,84.48,86.02,,,17.02995014190674
115,9.120630943110079e-05,0.4301855285856459,84.95777777777778,0.47102918310165404,83.98,86.02,,,16.486794233322144
116,9.105746045668522e-05,0.4287866658581628,84.95111111111112,0.5136644902586937,82.48,86.02,,,16.213991403579712
117,9.09074858712512e-05,0.4242335903697544,85.12444444444445,0.4457724622368813,84.94,86.02,,,16.529951333999634
118,9.075638978642773e-05,0.42490042753219603,85.22222222222223,0.4557977492392063,84.32,86.02,,,16.918521404266357
119,9.060417634459034e-05,0.4159657196574741,85.3711111111111,0.4562983194231987,83.72,86.02,,,15.559467554092407
120,9.04508497187474e-05,0.428627488623725,85.1288888888889,0.4667009712696075,83.92,86.02,,,15.182929992675781
121,9.029641411242582e-05,0.4296071219974094,84.85111111111111,0.4786552924960852,83.4,86.02,,,16.21640682220459
122,9.014087375955576e-05,0.4259839894188775,85.1,0.5403127157360316,82.14,86.02,,,16.63620662689209
123,8.998423292435457e-05,0.42358067622714574,85.20222222222222,0.48946278138160704,82.94,86.02,,,15.18870997428894
124,8.982649590120984e-05,0.4281339350276523,85.16,0.4495403270065784,84.54,86.02,,,15.159841299057007
125,8.96676670145618e-05,0.42932999598185223,84.91555555555556,0.4741924586057663,83.6,86.02,,,15.222797632217407
126,8.950775061878454e-05,0.4288495610131158,84.89777777777778,0.45173684948682785,85.14,86.02,,,15.249930381774902
127,8.934675109806689e-05,0.42207902363671196,85.09555555555555,0.44230931899547576,84.72,86.02,,,15.063661098480225
128,8.918467286629201e-05,0.4228292263878716,85.22,0.4578398199081421,84.18,86.02,,,15.071582794189453
129,8.902152036691651e-05,0.4163316654099358,85.41777777777777,0.4514856169074774,84.34,86.02,,,16.78265881538391
130,8.885729807284857e-05,0.41757765253914725,85.31555555555556,0.4898398971199989,83.4,86.02,,,15.98625111579895
131,8.869201048632533e-05,0.41736521339416505,85.46,0.46196747398376464,83.94,86.02,,,15.167940139770508
132,8.852566213878947e-05,0.4175731357150608,85.31111111111112,0.43815022525787356,85.14,86.02,,,15.140959978103638
133,8.8358257590765e-05,0.4291315716531542,85.15333333333334,0.4567174602150917,85.0,86.02,,,15.141677618026733
134,8.818980143173213e-05,0.42902425841225517,84.95333333333333,0.4778289995908737,83.9,86.02,,,15.11683201789856
135,8.802029828000157e-05,0.4188481554720137,85.44222222222223,0.4461963653802872,84.8,86.02,,,14.991156578063965
136,8.784975278258783e-05,0.42067383722199336,85.1511111111111,0.4633903305053711,84.16,86.02,,,15.582690238952637
137,8.767816961508192e-05,0.4133321153534783,85.42888888888889,0.4732749289035797,84.28,86.02,,,17.594953775405884
138,8.7505553481523e-05,0.42323463509877524,85.1,0.510125402545929,83.04,86.02,,,16.91078543663025
139,8.733190911426958e-05,0.4219176289293501,85.15777777777778,0.45778198423981664,84.76,86.02,,,16.536627769470215
140,8.715724127386973e-05,0.4174973691622416,85.26,0.45516985783576963,84.14,86.02,,,16.62150502204895
141,8.69815547489305e-05,0.422875395154953,85.10444444444444,0.5068460086822509,82.46,86.02,,,16.9325430393219
142,8.680485435598672e-05,0.42340700296296013,85.31555555555556,0.4542293698310852,84.22,86.02,,,15.264040470123291
143,8.662714493936895e-05,0.42090044695536294,85.15555555555555,0.478239038848877,83.88,86.02,,,15.19301724433899
144,8.644843137107059e-05,0.4172116917451223,85.49555555555555,0.46113940181732177,84.2,86.02,,,16.760563611984253
145,8.62687185506144e-05,0.4236516808138953,85.21777777777778,0.4610937318325043,84.0,86.02,,,16.322337865829468
146,8.608801140491811e-05,0.41274700049294366,85.64888888888889,0.4344828301906586,84.5,86.02,,,15.193720579147339
147,8.590631488815945e-05,0.4235551834424337,85.18888888888888,0.47373501658141615,84.18,86.02,,,15.170334339141846
148,8.572363398164018e-05,0.42944669393433466,84.97111111111111,0.4737366467356682,83.8,86.02,,,15.239903450012207
149,8.553997369364964e-05,0.4225105520672268,85.09555555555555,0.4352143937587738,84.94,86.02,,,15.139483213424683
150,8.535533905932739e-05,0.42183561319775054,85.16,0.47638418250083925,83.88,86.02,,,15.08957815170288
151,8.51697351405252e-05,0.42464452908304,85.22666666666667,0.47497481102943423,82.94,86.02,,,15.618709325790405
152,8.498316702566829e-05,0.42993862554762097,84.94888888888889,0.4542992245197296,84.28,86.02,,,16.641894340515137
153,8.479563982961573e-05,0.42431328326331247,85.2311111111111,0.48763211037516596,83.3,86.02,,,15.770542621612549
154,8.460715869352035e-05,0.41817866599824693,85.40444444444445,0.4602938194066286,84.16,86.02,,,16.990607261657715
155,8.44177287846877e-05,0.4253735920005374,85.17777777777778,0.4471553581237793,84.58,86.02,,,17.471665382385254
156,8.422735529643444e-05,0.4285318081325955,85.16666666666667,0.46190789400041105,84.28,86.02,,,16.778615474700928
157,8.40360434479459e-05,0.42984866775936553,85.03777777777778,0.44300316421985625,84.92,86.02,,,16.941728353500366
158,8.384379848413304e-05,0.41935574287838406,85.42888888888889,0.45962033324241636,83.62,86.02,,,16.785205602645874
159,8.365062567548867e-05,0.41567063859303793,85.44666666666667,0.4693966415166855,84.46,86.02,,,16.03106164932251
160,8.345653031794292e-05,0.41695818754302133,85.35111111111111,0.449590044260025,84.44,86.02,,,15.293619155883789
161,8.326151773271804e-05,0.42820333426793417,85.06,0.46500734192729,82.92,86.02,,,16.4709894657135
162,8.306559326618259e-05,0.42282044960657755,85.22222222222223,0.4743830676317215,83.54,86.02,,,16.580846071243286
163,8.28687622897048e-05,0.4257762008190155,85.20222222222222,0.4654072377204895,84.18,86.02,,,15.361466646194458
164,8.267103019950529e-05,0.42290921255747477,85.18666666666667,0.49346558516919614,82.94,86.02,,,15.269816875457764
165,8.24724024165092e-05,0.43150737136205036,85.10444444444444,0.4804977860182524,84.06,86.02,,,15.208463430404663
166,8.227288438619754e-05,0.42821466318236456,85.11555555555556,0.4539642666339874,83.9,86.02,,,15.295864820480347
167,8.207248157845791e-05,0.42328007277382745,85.23777777777778,0.4909123394012451,83.96,86.02,,,15.261114120483398
168,8.18711994874345e-05,0.4240338011953566,85.1511111111111,0.463535512304306,84.0,86.02,,,15.322332859039307
169,8.166904363137752e-05,0.42833419676886664,84.97333333333333,0.522431288433075,82.1,86.02,,,16.075441598892212
170,8.146601955249189e-05,0.42543370214568244,85.15555555555555,0.44835559488534926,84.34,86.02,,,15.676079511642456
171,8.126213281678528e-05,0.42321360375086464,85.21555555555555,0.4627118176221848,84.1,86.02,,,15.388374328613281
172,8.105738901391554e-05,0.4278712491777208,85.02666666666667,0.4936118002891541,82.6,86.02,,,15.265522718429565
173,8.085179375703745e-05,0.43135000467300416,84.95111111111112,0.517026088321209,82.42,86.02,,,15.192842483520508
174,8.064535268264884e-05,0.4178782187726763,85.32666666666667,0.4573586414635181,83.92,86.02,,,15.187547206878662
175,8.043807145043604e-05,0.4215112472004361,85.2088888888889,0.4605138595581055,84.02,86.02,,,15.13115668296814
176,8.022995574311877e-05,0.42946077740987143,84.80444444444444,0.5513841598510743,81.58,86.02,,,15.673662185668945
177,8.002101126629421e-05,0.4271873901208242,85.00444444444445,0.4861358122378588,83.18,86.02,,,17.1491756439209
178,7.981124374828081e-05,0.4245883520126343,85.00888888888889,0.46055269709825514,83.7,86.02,,,17.150779962539673
179,7.9600658939961e-05,0.4198831613328722,85.28888888888889,0.451761203956604,84.24,86.02,,,16.79466485977173
180,7.938926261462367e-05,0.42494651801851063,85.03777777777778,0.494073729634285,82.96,86.02,,,17.083397150039673
181,7.917706056780589e-05,0.42311272964477536,85.19333333333333,0.4835124792098999,83.42,86.02,,,17.00835156440735
182,7.896405861713394e-05,0.4232515862994724,85.18,0.48815883551836015,83.24,86.02,,,15.463804721832275
183,7.875026260216395e-05,0.4236075615564982,85.12666666666667,0.4604269114255905,83.66,86.02,,,15.349116086959839
184,7.853567838422162e-05,0.42809858208762275,85.11777777777777,0.5154392879098654,82.94,86.02,,,16.86165189743042
185,7.832031184624167e-05,0.43397803608046637,84.84222222222222,0.4547115671157837,84.46,86.02,,,16.332186937332153
186,7.810416889260656e-05,0.42321567180421615,85.20222222222222,0.4894556259855628,83.4,86.02,,,15.26784873008728
187,7.788725544898452e-05,0.42678914152781167,84.89555555555556,0.4485291622877121,84.36,86.02,,,15.236263275146484
188,7.766957746216723e-05,0.4277668063905504,85.12,0.4740428987503052,84.08,86.02,,,15.203526496887207
189,7.745114089990661e-05,0.4235452526357439,85.11555555555556,0.4422749979972839,84.24,86.02,,,15.338444232940674
190,7.723195175075138e-05,0.4243703081395891,85.10444444444444,0.46860495672822,84.16,86.02,,,15.276211261749268
191,7.701201602388278e-05,0.41495865494410195,85.57111111111111,0.48607278151512145,84.0,86.02,,,15.611693382263184
192,7.679133974894986e-05,0.4210178878572252,85.24222222222222,0.47282635880708695,84.14,86.02,,,16.551424741744995
193,7.656992897590417e-05,0.4221411982960171,85.1288888888889,0.4627028683423996,83.78,86.02,,,15.995788097381592
194,7.634778977483392e-05,0.41831036995781795,85.4088888888889,0.5226468785285949,81.7,86.02,,,15.180036306381226
195,7.612492823579748e-05,0.4194059840361277,85.36444444444444,0.4825502746582031,82.86,86.02,,,15.252495765686035
196,7.590135046865655e-05,0.4213971830738915,85.21555555555555,0.48480728529691697,83.96,86.02,,,15.268582105636597
197,7.567706260290855e-05,0.4301132032606337,84.86666666666666,0.47007472620010377,83.64,86.02,,,15.162981748580933
198,7.545207078751861e-05,0.4207011452356974,85.15777777777778,0.4532269063025713,84.2,86.02,,,15.218388319015503
199,7.5226381190751e-05,0.42028612155384487,85.23555555555555,0.4585988012552261,84.6,86.02,,,16.456597089767456
200,7.500000000000005e-05,0.42375094352298315,85.2088888888889,0.48138778704404833,83.68,86.02,82.08,epoch_200.pt,18.197660446166992
201,7.477293342162043e-05,0.4227662351926168,85.32222222222222,0.4738336251914501,83.38,86.02,,,17.74470329284668
202,7.45451876807571e-05,0.41351610429551866,85.55111111111111,0.4826590627193451,83.38,86.02,,,17.5005886554718
203,7.431676902117458e-05,0.41880008650885686,85.27111111111111,0.4583709005460143,83.98,86.02,,,16.787691593170166
204,7.408768370508582e-05,0.41924224157863194,85.33111111111111,0.4937265506744385,83.46,86.02,,,16.38655972480774
205,7.385793801298049e-05,0.423121817360984,85.25777777777778,0.514828840816021,83.02,86.02,,,15.692401885986328
206,7.362753824345276e-05,0.42578902469211155,85.07777777777778,0.4965690132394433,83.36,86.02,,,16.39515471458435
207,7.339649071302872e-05,0.42127469919522603,85.18888888888888,0.46521605393886567,83.84,86.02,,,16.641509771347046
208,7.316480175599315e-05,0.41752608456081813,85.42666666666666,0.47633816640079024,83.52,86.02,,,15.76748776435852
209,7.293247772421579e-05,0.4284985361311171,84.92222222222222,0.4487943559885025,84.2,86.02,,,15.48683476448059
210,7.269952498697738e-05,0.41474033614264594,85.54888888888888,0.4852137906372547,83.58,86.02,,,15.803601026535034
211,7.246594993079486e-05,0.4271826428042518,84.99333333333334,0.42243258254528043,84.84,86.02,,,15.609253883361816
212,7.223175895924641e-05,0.4157055148495568,85.44666666666667,0.47472651538848876,83.62,86.02,,,15.268327474594116
213,7.199695849279579e-05,0.42321738572650486,85.03777777777778,0.49158337798714635,82.62,86.02,,,15.384055376052856
214,7.176155496861641e-05,0.4273586141374376,84.93111111111111,0.49246184639930723,82.68,86.02,,,16.380703687667847
215,7.152555484041479e-05,0.42377887007925247,85.18,0.5142919162750245,82.76,86.02,,,16.151740789413452
216,7.128896457825365e-05,0.4186152952882979,85.25111111111111,0.4723249795436859,83.7,86.02,,,15.302634239196777
217,7.105179066837459e-05,0.4223785134792328,85.16888888888889,0.44928898259699346,84.66,86.02,,,15.319812059402466
218,7.081403961302009e-05,0.4230407566918267,85.27333333333333,0.4650774433851242,84.22,86.02,,,15.280306100845337
219,7.057571793025545e-05,0.42286633456018236,85.07777777777778,0.47772630443573,83.04,86.02,,,15.301126956939697
220,7.033683215379003e-05,0.42477697993384467,85.1511111111111,0.47979151178598406,84.04,86.02,,,15.199520587921143
221,7.009738883279803e-05,0.4268676238483853,85.08666666666667,0.4378049470067024,84.66,86.02,,,15.774233102798462
222,6.985739453173904e-05,0.43354509517881606,84.74666666666667,0.44919441990852355,84.44,86.02,,,17.733109951019287
223,6.961685583017808e-05,0.4209373895009359,85.36444444444444,0.4662647561073303,83.58,86.02,,,17.174296379089355
224,6.937577932260517e-05,0.41883811306423613,85.24444444444444,0.46415916223526,84.46,86.02,,,16.77923893928528
225,6.913417161825451e-05,0.4215566443708208,85.22,0.4657774482011795,83.42,86.02,,,16.863323211669922
226,6.889203934092339e-05,0.42106738096872964,85.15333333333334,0.4826814415454864,83.86,86.02,,,17.28692889213562
227,6.864938912879048e-05,0.41733240107960173,85.45333333333333,0.4829988429069519,83.44,86.02,,,15.385199546813965
228,6.840622763423394e-05,0.4225553225888146,85.11111111111111,0.47346652399897576,83.98,86.02,,,15.440287113189697
229,6.816256152364895e-05,0.41962434243096247,85.42444444444445,0.46058382740020753,84.1,86.02,,,16.337814569473267
230,6.791839747726503e-05,0.4184390043947432,85.30666666666667,0.4419040196180344,84.54,86.02,,,16.356866359710693
231,6.767374218896289e-05,0.42025834916432697,85.34444444444445,0.5149649645805359,82.06,86.02,,,15.353497505187988
232,6.74286023660908e-05,0.42047861546410453,85.28,0.47446328155994416,83.48,86.02,,,15.415450096130371
233,6.718298472928083e-05,0.42709475078582765,85.20222222222222,0.45697211120128634,84.0,86.02,,,15.350936651229858
234,6.693689601226461e-05,0.42469916745291814,85.15555555555555,0.4595166499137878,83.74,86.02,,,15.354948043823242
235,6.669034296168858e-05,0.4228019594775306,85.25777777777778,0.43571259533166884,84.9,86.02,,,15.24777364730835
236,6.644333233692919e-05,0.42059687884118824,85.31555555555556,0.44935925726890563,84.36,86.02,,,15.721641540527344
237,6.619587090990752e-05,0.40994341415299307,85.62,0.4541853911340237,84.74,86.02,,,16.56765913963318
238,6.594796546490354e-05,0.422263435210122,85.39777777777778,0.5000090003013611,82.54,86.02,,,15.788461446762085
239,6.569962279837028e-05,0.41951830972035725,85.31111111111112,0.44157847468852995,85.32,86.02,,,15.277663707733154
240,6.545084971874741e-05,0.42451543369293215,85.10888888888888,0.43292972828149795,84.66,86.02,,,15.251664400100708
241,6.520165304627454e-05,0.42230125873353747,85.23333333333333,0.47526912631988527,83.22,86.02,,,15.311395406723022
242,6.495203961280437e-05,0.4206309770584106,85.26444444444445,0.44592731194496155,84.32,86.02,,,15.215628862380981
243,6.470201626161523e-05,0.42711552571720546,84.99555555555555,0.44892786722183226,84.42,86.02,,,15.164505958557129
244,6.445158984722362e-05,0.42001476188235815,85.26,0.46317478260993955,83.98,86.02,,,16.837267875671387
245,6.420076723519618e-05,0.4201264726214939,85.37555555555555,0.4715350012779236,83.5,86.02,,,17.664555072784424
246,6.394955530196151e-05,0.42355260094536673,85.22888888888889,0.491360959815979,83.9,86.02,,,17.028871297836304
247,6.369796093462168e-05,0.4177240787612067,85.53777777777778,0.42158857600688937,85.4,86.02,,,16.79753804206848
248,6.344599103076333e-05,0.41986460304260254,85.29333333333334,0.525149875947833,82.18,86.02,,,16.824982166290283
249,6.319365249826869e-05,0.423969249481625,85.13777777777777,0.502003494232148,82.76,86.02,,,16.416393041610718
250,6.294095225512609e-05,0.4220434757179684,85.27555555555556,0.501890247309208,82.38,86.02,,,15.36256742477417
251,6.268789722924032e-05,0.42215704011917116,85.08,0.5074608556270599,82.74,86.02,,,16.012022256851196
252,6.243449435824277e-05,0.4211359380298191,85.22222222222223,0.44301915584802626,84.46,86.02,,,16.485289812088013
253,6.218075058930117e-05,0.4216319420867496,85.22222222222223,0.44072499828338624,84.66,86.02,,,15.758054494857788
254,6.192667287892909e-05,0.4174969274097019,85.39333333333333,0.478905193701759,83.28,86.02,,,15.398438930511475
255,6.167226819279533e-05,0.41746650638580324,85.34444444444445,0.4493218454360962,84.84,86.02,,,15.597482919692993
256,6.141754350553284e-05,0.41740257375505235,85.41333333333333,0.4381207315206528,84.86,86.02,,,15.35379147529602
257,6.116250580054763e-05,0.42150295893881057,85.33555555555556,0.485941099229455,83.82,86.02,,,15.214118242263794
258,6.090716206982719e-05,0.42668803867763944,85.11777777777777,0.44025677675008773,84.46,86.02,,,15.215567827224731
259,6.0651519313748877e-05,0.41405510597229006,85.52444444444444,0.4492942797780037,84.66,86.02,,,16.449506044387817
260,6.039558454088802e-05,0.42392872245576646,85.27333333333333,0.4740361529111862,83.56,86.02,,,16.418592929840088
261,6.013936476782568e-05,0.42653488545947604,85.3,0.4813562155365944,83.86,86.02,,,15.28438138961792
262,5.9882867018956345e-05,0.4276454179763794,84.96,0.5107584034919739,82.26,86.02,,,15.285289764404297
263,5.962609832629542e-05,0.42083281025356717,85.51555555555555,0.4637286670923233,84.0,86.02,,,15.272026300430298
264,5.9369065729286285e-05,0.4170616660224067,85.54444444444445,0.4748192301750183,83.94,86.02,,,15.245488405227661
265,5.911177627460742e-05,0.4188889304690891,85.25777777777778,0.48044733242988585,83.68,86.02,,,15.115079879760742
266,5.885423701597922e-05,0.42218574568430584,85.24888888888889,0.495521746969223,83.82,86.02,,,15.29204249382019
267,5.859645501397052e-05,0.4206833061430189,85.27333333333333,0.4599034635722637,83.36,86.02,,,17.4316189289093
268,5.833843733580516e-05,0.4207110669718848,85.2911111111111,0.46521371994018557,84.0,86.02,,,17.50938630104065
269,5.8080191055168105e-05,0.4198120174937778,85.36444444444444,0.46932598493099215,83.76,86.02,,,16.69056224822998
270,5.782172325201159e-05,0.4240144610007604,85.33333333333333,0.5115813910245895,82.6,86.02,,,16.891958475112915
271,5.756304101236101e-05,0.4210169110827976,85.24888888888889,0.45639525933265684,84.82,86.02,,,16.96208381652832
272,5.7304151428120625e-05,0.4287200991736518,85.14444444444445,0.45316208589076995,84.24,86.02,,,15.429617881774902
273,5.7045061596879175e-05,0.4304623821205563,85.06222222222222,0.49963164395689963,83.48,86.02,,,15.355623006820679
274,5.6785778621715266e-05,0.42500432075394523,85.13555555555556,0.47336298265457155,83.22,86.02,,,16.664437532424927
275,5.652630961100262e-05,0.41944893211788603,85.32888888888888,0.4468583310842514,84.64,86.02,,,16.27293848991394
276,5.626666167821526e-05,0.4181396465778351,85.55777777777777,0.51125804541111,82.64,86.02,,,15.37828540802002
277,5.60068419417324e-05,0.4186913104799059,85.34666666666666,0.47994115760326383,83.52,86.02,,,15.459002256393433
278,5.574685752464338e-05,0.41956677258809405,85.32666666666667,0.49027403268814085,83.06,86.02,,,15.358554124832153
279,5.5486715554552314e-05,0.4204690790388319,85.22,0.4461748753070831,84.16,86.02,,,15.394232749938965
280,5.5226423163382735e-05,0.4166215571138594,85.3488888888889,0.4650580764770508,84.18,86.02,,,15.239008903503418
281,5.4965987487182004e-05,0.42843946291075813,85.05777777777777,0.47956885613799094,83.22,86.02,,,15.633349895477295
282,5.470541566592578e-05,0.41991642342143587,85.26666666666667,0.5099891580820084,82.38,86.02,,,16.644811868667603
283,5.444471484332213e-05,0.41797621019151476,85.41777777777777,0.4889432890176773,83.1,86.02,,,15.975832462310791
284,5.4183892166615825e-05,0.42044750497606065,85.21111111111111,0.4944696923136711,83.82,86.02,,,15.361018419265747
285,5.39229547863923e-05,0.4251360847579108,85.19555555555556,0.49083456848859786,82.98,86.02,,,15.362995386123657
286,5.366190985638163e-05,0.4159838759263357,85.47333333333333,0.47402737616300583,83.72,86.02,,,15.343459129333496
287,5.3400764533262454e-05,0.4120495800124274,85.51333333333334,0.4500510140657425,84.2,86.02,,,15.239964246749878
288,5.313952597646571e-05,0.4161621296988593,85.62222222222222,0.48112258712053296,83.48,86.02,,,15.224416732788086
289,5.287820134797841e-05,0.42381135679880777,85.32222222222222,0.4716166694402695,83.86,86.02,,,16.501728296279907
290,5.261679781214724e-05,0.4247758482509189,85.14,0.4756735607624054,83.76,86.02,,,17.618847608566284
291,5.235532253548217e-05,0.42274373619821337,85.14666666666666,0.46641616824269294,83.42,86.02,,,16.934646368026733
292,5.209378268646003e-05,0.41595509655210705,85.39111111111112,0.546291313457489,81.16,86.02,,,16.983100652694702
293,5.183218543532786e-05,0.41882157389322916,85.5,0.46381737594604494,83.94,86.02,,,17.311243772506714
294,5.157053795390644e-05,0.42356251779927145,85.27111111111111,0.43047925647497176,84.8,86.02,,,16.10273551940918
295,5.130884741539369e-05,0.42221288729773626,85.25333333333333,0.4875500356435776,82.94,86.02,,,15.329764127731323
296,5.1047120994167885e-05,0.4191587132877774,85.53333333333333,0.4431342339038849,84.68,86.02,,,15.732792615890503
297,5.0785365865591074e-05,0.41436939091682434,85.44222222222223,0.5014624638080597,83.0,86.02,,,16.694653272628784
298,5.052358920581233e-05,0.42157046416600547,85.1511111111111,0.49512542243003843,82.58,86.02,,,15.928711175918579
299,5.026179819157101e-05,0.42086885104709204,85.35333333333334,0.47800584173202515,83.08,86.02,,,15.386739730834961
300,5.000000000000004e-05,0.4205236650043064,85.30444444444444,0.5046503819704056,82.64,86.02,80.99,epoch_300.pt,16.733823776245117
301,4.973820180842907e-05,0.42168509537378945,85.27111111111111,0.49233218051195143,83.3,86.02,,,15.31947946548462
302,4.9476410794187754e-05,0.41628982178370155,85.38,0.49338656728863717,83.56,86.02,,,15.260637044906616
303,4.921463413440901e-05,0.4224811259587606,85.17555555555556,0.45037960028648377,84.16,86.02,,,15.210973978042603
304,4.895287900583221e-05,0.41267927143838673,85.5111111111111,0.4662191870212555,84.04,86.02,,,16.258912324905396
305,4.869115258460638e-05,0.4155504218949212,85.52444444444444,0.49878738393783567,83.1,86.02,,,16.905699729919434
306,4.8429462046093626e-05,0.41020351456536186,85.63777777777777,0.49347101459503173,83.06,86.02,,,15.236363410949707
307,4.816781456467223e-05,0.4178077449162801,85.37333333333333,0.49388276472091674,83.06,86.02,,,15.234818935394287
308,4.790621731354006e-05,0.4085425395647685,85.64444444444445,0.495039780664444,83.4,86.02,,,15.24558711051941
309,4.7644677464517915e-05,0.4160636549313863,85.45333333333333,0.45006347436010835,84.74,86.02,,,15.308248519897461
310,4.738320218785285e-05,0.41892026749716865,85.33777777777777,0.4640097789764404,83.72,86.02,,,15.203381776809692
311,4.7121798652021685e-05,0.4201111822022332,85.33777777777777,0.4522104278087616,84.12,86.02,,,15.458511590957642
312,4.686047402353439e-05,0.4119757155736287,85.48222222222222,0.46320422785282134,84.16,86.02,,,17.58773136138916
313,4.6599235466737646e-05,0.41561125993198816,85.34666666666666,0.4574250142097473,84.38,86.02,,,16.761802673339844
314,4.633809014361848e-05,0.41330974167717827,85.39777777777778,0.47557417480796577,84.02,86.02,,,16.533787727355957
315,4.607704521360781e-05,0.41445906965467666,85.4088888888889,0.498648655462265,82.7,86.02,,,17.16991424560547
316,4.581610783338427e-05,0.41971773269971213,85.25333333333333,0.45318663358688355,84.18,86.02,,,17.119688987731934
317,4.5555285156677974e-05,0.41795927080578277,85.40222222222222,0.4817535842657089,83.02,86.02,,,15.5486581325531
318,4.5294584334074336e-05,0.4096501267115275,85.5911111111111,0.4892701238632202,83.3,86.02,,,15.348816633224487
319,4.50340125128181e-05,0.4094813000890944,85.47777777777777,0.47696570336818694,84.1,86.02,,,16.547756910324097
320,4.4773576836617385e-05,0.4138346952226427,85.47555555555556,0.46011835075616836,84.44,86.02,,,16.830047845840454
321,4.4513284445447785e-05,0.41723173606130814,85.65555555555555,0.4872545127868652,83.62,86.02,,,15.363580465316772
322,4.4253142475356726e-05,0.4134343536323971,85.49777777777778,0.41885748994350436,85.6,86.02,,,15.343416452407837
323,4.3993158058267704e-05,0.41507177188131544,85.68666666666667,0.4619189098626375,84.4,86.02,,,15.234632968902588
324,4.3733338321784836e-05,0.4068747403197818,85.74222222222222,0.45728092896342276,83.82,86.02,,,15.17230772972107
325,4.347369038899748e-05,0.41272972117529977,85.52444444444444,0.48266860313415527,83.82,86.02,,,15.092840433120728
326,4.321422137828483e-05,0.4120265653292338,85.7688888888889,0.47522094686627386,84.34,86.02,,,15.475335359573364
327,4.295493840312091e-05,0.4184697515222761,85.44222222222223,0.4515144225358963,84.32,86.02,,,16.465364933013916
328,4.2695848571879475e-05,0.4131787166489495,85.44666666666667,0.4721826225161552,83.82,86.02,,,16.400328636169434
329,4.2436958987639074e-05,0.4093215814590454,85.74888888888889,0.5123103779315948,82.42,86.02,,,15.317095518112183
330,4.21782767479885e-05,0.4126017379283905,85.53333333333333,0.4700739288330078,83.66,86.02,,,15.361033916473389
331,4.191980894483198e-05,0.4116005885548062,85.55777777777777,0.4282089519262314,84.88,86.02,,,15.261053800582886
332,4.166156266419491e-05,0.41896331177817453,85.36222222222223,0.4422243965625763,84.76,86.02,,,15.227691411972046
333,4.140354498602956e-05,0.41930768029954696,85.43555555555555,0.43318414845466613,84.82,86.02,,,15.123427391052246
334,4.114576298402087e-05,0.40866510690053304,85.72222222222223,0.4795491794243455,83.98,86.02,,,16.512987852096558
335,4.088822372539267e-05,0.40993419149186877,85.56,0.4757895122051239,83.7,86.02,,,17.430585384368896
336,4.06309342707138e-05,0.41111162148051794,85.58,0.43236515595912933,84.32,86.02,,,16.8846492767334
337,4.037390167370467e-05,0.4130857079293993,85.57777777777778,0.4788124408721924,83.56,86.02,,,16.666746377944946
338,4.011713298104372e-05,0.4174764292028215,85.30888888888889,0.4986384890079498,82.82,86.02,,,16.96295142173767
339,3.986063523217441e-05,0.41778525007036,85.31111111111112,0.4702925355255604,84.16,86.02,,,16.95963191986084
340,3.960441545911206e-05,0.4101839809947544,85.58444444444444,0.4608584286212921,84.28,86.02,,,15.335365056991577
341,3.9348480686251216e-05,0.4150627965185377,85.47777777777777,0.4479007265150547,83.94,86.02,,,15.826417922973633
342,3.9092837930172904e-05,0.407450909614563,85.62444444444445,0.4633477561235428,83.4,86.02,,,16.849100828170776
343,3.883749419945246e-05,0.41621426552666557,85.48666666666666,0.44297450444698333,84.02,86.02,,,16.17274022102356
344,3.858245649446725e-05,0.41206215472221375,85.66,0.4850048753619194,83.28,86.02,,,15.302877426147461
345,3.8327731807204754e-05,0.41651941333876713,85.45777777777778,0.5016241059541702,82.54,86.02,,,15.363016128540039
346,3.8073327121070994e-05,0.41048510662184823,85.68,0.45988438808918,83.8,86.02,,,15.264205932617188
347,3.78192494106989e-05,0.41637195654445225,85.4088888888889,0.47106844410896304,83.46,86.02,,,15.15542483329773
348,3.7565505641757296e-05,0.41731437668800353,85.3711111111111,0.4632130676746368,84.22,86.02,,,15.170902967453003
349,3.731210277075975e-05,0.40862608042293125,85.79777777777778,0.46515822393894196,84.28,86.02,,,16.188612461090088
350,3.7059047744874e-05,0.41101443202230664,85.52888888888889,0.5422327362835407,81.6,86.02,,,16.390698671340942
351,3.680634750173139e-05,0.4146704461362627,85.51777777777778,0.45578604644536974,84.12,86.02,,,15.402005672454834
352,3.655400896923676e-05,0.4082764154381222,85.63555555555556,0.4488864832878113,84.42,86.02,,,15.24860429763794
353,3.6302039065378406e-05,0.40601458204057483,85.88444444444444,0.45324733242988585,84.3,86.02,,,15.208506345748901
354,3.605044469803856e-05,0.408255257346895,85.71555555555555,0.48929801214933394,82.88,86.02,,,15.16972804069519
355,3.5799232764803905e-05,0.41098627520137365,85.54444444444445,0.48452228249311446,83.7,86.02,,,15.054856777191162
356,3.554841015277644e-05,0.4101379387060801,85.79777777777778,0.5013698547363281,82.68,86.02,,,15.013934135437012
357,3.529798373838484e-05,0.4114196628411611,85.71555555555555,0.42816034467220304,84.6,86.02,,,17.295221090316772
358,3.50479603871957e-05,0.4167031693034702,85.50444444444445,0.436850634765625,84.98,86.02,,,17.52053737640381
359,3.479834695372552e-05,0.406022252591451,85.75111111111111,0.4503311999797821,84.94,86.02,,,16.67732000350952
360,3.4549150281252656e-05,0.40792480975786843,85.66888888888889,0.45348822162151337,84.4,86.02,,,16.498273134231567
361,3.430037720162979e-05,0.4200112051857842,85.31777777777778,0.4668793206930161,84.0,86.02,,,16.976420640945435
362,3.405203453509653e-05,0.4069593455844455,85.56,0.49680775361061097,83.36,86.02,,,15.992099523544312
363,3.3804129090092555e-05,0.40666038178867764,85.82888888888888,0.4346781018257141,84.62,86.02,,,15.269442319869995
364,3.355666766307087e-05,0.41046165386835737,85.70222222222222,0.478880206656456,84.12,86.02,,,16.1823787689209
365,3.3309657038311476e-05,0.4109216395060221,85.45111111111112,0.44821178040504456,84.32,86.02,,,16.50605297088623
366,3.306310398773546e-05,0.41003442646132576,85.68888888888888,0.4302085249900818,84.9,86.02,,,15.48152470588684
367,3.2817015270719227e-05,0.4054380075083839,85.74,0.5057520353674888,83.2,86.02,,,15.256808996200562
368,3.257139763390928e-05,0.4018167108853658,85.9088888888889,0.4834360754013062,83.36,86.02,,,15.249539852142334
369,3.232625781103717e-05,0.4099452427122328,85.7,0.48775821940898895,83.76,86.02,,,15.247688293457031
370,3.2081602522735026e-05,0.40722035270267065,85.69777777777777,0.5149995945453644,82.02,86.02,,,15.16848087310791
371,3.1837438476351114e-05,0.406855757522583,85.70444444444445,0.5226447410583496,82.3,86.02,,,15.217764139175415
372,3.159377236576614e-05,0.40868375425868564,85.55777777777777,0.47425832805633544,83.18,86.02,,,16.93894362449646
373,3.135061087120958e-05,0.40681591930389405,85.76,0.46930927929878236,84.04,86.02,,,16.414682865142822
374,3.110796065907666e-05,0.41395770083003575,85.44,0.48553644847869876,83.26,86.02,,,15.256979942321777
375,3.0865828381745534e-05,0.4092461784574721,85.87333333333333,0.47422014734745027,83.64,86.02,,,15.2605881690979
376,3.062422067739487e-05,0.4049416779889001,85.72222222222223,0.47918033542633054,83.54,86.02,,,15.329102277755737
377,3.0383144169821948e-05,0.4088774590863122,85.72666666666667,0.4728443239688873,83.92,86.02,,,15.232278108596802
378,3.0142605468260984e-05,0.4083102999104394,85.85111111111111,0.47568081917762756,83.76,86.02,,,15.200027465820312
379,2.9902611167202024e-05,0.4038581484900581,85.96888888888888,0.48142114308476447,83.22,86.02,,,15.733410835266113
380,2.9663167846210008e-05,0.4072252825525072,85.81111111111112,0.46003209483623503,84.7,86.02,,,17.51501774787903
381,2.942428206974459e-05,0.40726822453074984,85.71111111111111,0.46087960081100465,83.62,86.02,,,17.509671926498413
382,2.9185960386979967e-05,0.4120555885155996,85.66444444444444,0.4507998937368393,84.52,86.02,,,16.698771238327026
383,2.8948209331625494e-05,0.4070851723988851,85.70666666666666,0.49107082620859144,83.38,86.02,,,17.005428552627563
384,2.8711035421746387e-05,0.40600567684173583,85.65333333333334,0.44777724957466125,84.78,86.02,,,16.878448486328125
385,2.8474445159585252e-05,0.4088950871891446,85.80444444444444,0.4338639507293701,85.2,86.02,,,15.333414554595947
386,2.823844503138365e-05,0.4122552578608195,85.55777777777777,0.5074173922777175,82.88,86.02,,,15.458729267120361
387,2.800304150720426e-05,0.4096079744100571,85.60888888888888,0.47823618183135985,83.7,86.02,,,16.79085063934326
388,2.7768241040753657e-05,0.4195010001924303,85.32888888888888,0.43815868080854414,84.22,86.02,,,16.18778109550476
389,2.75340500692052e-05,0.4145724052323235,85.42666666666666,0.4428767226755619,84.8,86.02,,,15.289506673812866
390,2.7300475013022683e-05,0.4103559531900618,85.64666666666666,0.4618189660787582,83.76,86.02,,,15.401846885681152
391,2.706752227578427e-05,0.4073845141145918,85.76444444444445,0.46437345586419104,84.3,86.02,,,15.344225883483887
392,2.6835198244006944e-05,0.4039858061843448,85.80222222222223,0.4462958429932594,85.08,86.02,,,15.300516605377197
393,2.660350928697136e-05,0.40600401333702935,85.83333333333333,0.4443521002411842,84.94,86.02,,,15.218855142593384
394,2.6372461756547323e-05,0.4034634911219279,85.86888888888889,0.48162575289011,83.82,86.02,,,15.920809984207153
395,2.6142061987019597e-05,0.4075594542556339,85.6511111111111,0.4485514013171196,84.04,86.02,,,16.722174882888794
396,2.591231629491425e-05,0.4060213640742832,85.8711111111111,0.465582980132103,84.24,86.02,,,15.63442611694336
397,2.56832309788255e-05,0.40774938975440134,85.77555555555556,0.4669666676998138,83.42,86.02,,,15.25071406364441
398,2.545481231924298e-05,0.4064265297094981,85.77111111111111,0.48201885936260225,83.56,86.02,,,15.294813394546509
399,2.522706657837966e-05,0.40622808939086064,85.63555555555556,0.43491308956742286,85.4,86.02,,,15.284642219543457
400,2.5000000000000008e-05,0.4114262066099379,85.55111111111111,0.4639166829109192,84.1,86.02,81.79,epoch_400.pt,16.497047901153564
401,2.4773618809249063e-05,0.4095600809680091,85.7088888888889,0.45361574473381044,84.06,86.02,,,15.10488510131836
402,2.4547929212481452e-05,0.4026881820148892,85.76666666666667,0.46320883098840715,84.38,86.02,,,17.233823537826538
403,2.4322937397091528e-05,0.41311480525334676,85.55555555555556,0.44896151089668274,84.6,86.02,,,17.85880422592163
404,2.4098649531343514e-05,0.4048472634050581,85.83777777777777,0.5166545140266419,82.88,86.02,,,16.8444881439209
405,2.3875071764202576e-05,0.40742773053910997,85.68222222222222,0.49043001749515536,83.44,86.02,,,17.200254201889038
406,2.3652210225166136e-05,0.4013518245908949,86.03333333333333,0.4874159801900387,83.24,86.02,,,17.325095415115356
407,2.3430071024095867e-05,0.402797946606742,85.89333333333333,0.43772628388404844,84.62,86.02,,,15.948427677154541
408,2.3208660251050195e-05,0.4063489405526055,85.81111111111112,0.43641331844329834,84.86,86.02,,,15.313125610351562
409,2.2987983976117266e-05,0.4026688728120592,85.99555555555555,0.4442023973464966,84.98,86.02,,,16.218059539794922
410,2.2768048249248678e-05,0.39659266719818115,86.10444444444444,0.47417201739549636,83.46,86.02,,,16.95380187034607
411,2.254885910009342e-05,0.4093585490544637,85.63111111111111,0.42354998220801354,85.02,86.02,,,15.544103384017944
412,2.233042253783282e-05,0.40735497307247587,85.55555555555556,0.47701186313927174,84.08,86.02,,,15.390845775604248
413,2.211274455101551e-05,0.40333217492633394,85.85777777777778,0.46695220326185227,84.04,86.02,,,15.339434146881104
414,2.1895831107393498e-05,0.4115762955347697,85.57777777777778,0.4571933828830719,83.78,86.02,,,15.326770544052124
415,2.1679688153758387e-05,0.402596560939153,86.0,0.4561499862909317,84.38,86.02,,,15.177183628082275
416,2.146432161577844e-05,0.40542765136294895,85.64444444444445,0.481235683965683,83.44,86.02,,,15.17820692062378
417,2.124973739783609e-05,0.4059172630733914,85.68666666666667,0.45464663220345974,84.16,86.02,,,16.977452754974365
418,2.1035941382866073e-05,0.40517251468234594,85.72666666666667,0.46829093171954156,83.94,86.02,,,16.692126035690308
419,2.0822939432194154e-05,0.4030351754930284,85.8,0.4854631280809641,83.58,86.02,,,15.320870637893677
420,2.061073738537637e-05,0.40876660904354517,85.67333333333333,0.4761611906528473,83.84,86.02,,,15.301441669464111
421,2.0399341060039042e-05,0.39564621692233615,86.15555555555555,0.45996514885425566,83.88,86.02,,,15.30680775642395
422,2.018875625171922e-05,0.4033472174697452,85.86666666666666,0.47327407236099245,83.84,86.02,,,15.232539892196655
423,1.997898873370582e-05,0.40932855678134494,85.45111111111112,0.47802849698066713,83.28,86.02,,,15.105247974395752
424,1.9770044256881273e-05,0.4035531012270186,85.93333333333334,0.47002887315750125,84.12,86.02,,,16.26685404777527
425,1.9561928549564e-05,0.4005521351284451,85.76666666666667,0.4416439642906189,84.42,86.02,,,17.453593254089355
426,1.93546473173512e-05,0.40460359230571324,85.8,0.4684533228158951,84.1,86.02,,,16.686251878738403
427,1.9148206242962572e-05,0.39423897042804296,86.08888888888889,0.468057585477829,84.16,86.02,,,16.733287811279297
428,1.89426109860845e-05,0.39546504668129817,86.24,0.43741485347747805,84.98,86.02,,,16.93588399887085
429,1.8737867183214757e-05,0.4039298247920142,85.82222222222222,0.46841632498502733,83.92,86.02,,,16.88407015800476
430,1.853398044750815e-05,0.40479890536202323,85.80222222222223,0.4856264397621155,83.36,86.02,,,15.354340076446533
431,1.8330956368622512e-05,0.3956979994561937,86.14222222222222,0.467118419829011,84.06,86.02,,,15.505090236663818
432,1.8128800512565527e-05,0.40674504229227704,85.94,0.4328416085720062,85.18,86.02,,,16.757676124572754
433,1.7927518421542118e-05,0.3994927808602651,85.83555555555556,0.46420457360744477,83.56,86.02,,,16.28713893890381
434,1.7727115613802492e-05,0.4002425467544132,85.95555555555555,0.4713545095562935,83.58,86.02,,,15.412260055541992
435,1.7527597583490836e-05,0.40112701935768125,86.00666666666666,0.422967383480072,85.44,86.02,,,15.30048418045044
436,1.7328969800494756e-05,0.3988972305774689,86.00444444444445,0.4349608597278595,84.96,86.02,,,15.31614089012146
437,1.7131237710295237e-05,0.39277381853527493,86.12666666666667,0.45020565820038316,84.6,86.02,,,15.261648654937744
438,1.6934406733817414e-05,0.39831684034135606,85.97555555555556,0.4265950652360916,85.24,86.02,,,15.212924003601074
439,1.6738482267281978e-05,0.3989102811442481,86.10666666666667,0.4540835780978203,84.2,86.02,,,15.810341358184814
440,1.6543469682057103e-05,0.4016350927882724,85.91777777777777,0.46528992540836334,84.18,86.02,,,16.389854431152344
441,1.634937432451136e-05,0.3972687856462267,86.03333333333333,0.4477750511407852,84.38,86.02,,,15.782341718673706
442,1.6156201515866984e-05,0.4048870129055447,85.92,0.44226054329872133,84.56,86.02,,,15.258328437805176
443,1.5963956552054124e-05,0.39231699788305496,86.25555555555556,0.4705517710447311,83.84,86.02,,,15.269991397857666
444,1.577264470356558e-05,0.40303574293984307,85.84444444444445,0.43201309893131257,84.88,86.02,,,15.270968198776245
445,1.5582271215312325e-05,0.39814769769244723,86.06222222222222,0.448711348760128,84.4,86.02,,,15.165390491485596
446,1.539284130647968e-05,0.3983790633678436,86.0,0.47449277414977553,83.54,86.02,,,15.153316736221313
447,1.5204360170384316e-05,0.4014437297238244,86.02888888888889,0.4633796053647995,83.48,86.02,,,17.179556369781494
448,1.5016832974331742e-05,0.393701576005088,86.08222222222223,0.4521910172939301,84.4,86.02,,,17.540002822875977
449,1.483026485947481e-05,0.3933945565859477,86.23333333333333,0.4127775532960892,85.22,86.02,,,16.628142833709717
450,1.4644660940672642e-05,0.3953091334554884,86.12666666666667,0.4492290657997131,84.56,86.02,,,16.575490713119507
451,1.446002630635039e-05,0.39882607780032686,86.10444444444444,0.4495853325843811,84.78,86.02,,,17.063649892807007
452,1.4276366018359857e-05,0.401327211411794,85.97333333333333,0.46229938552379607,84.06,86.02,,,16.31834387779236
453,1.409368511184058e-05,0.4016297514385647,85.73555555555555,0.44115499539971353,84.5,86.02,,,15.332170009613037
454,1.3911988595081907e-05,0.3964292764345805,86.01333333333334,0.4404465871721506,85.66,86.02,,,16.25866436958313
455,1.3731281449385632e-05,0.3916871254179213,86.3711111111111,0.46953593637347224,83.78,86.02,,,16.566798210144043
456,1.3551568628929446e-05,0.3956957701630063,86.21111111111111,0.4682165098667145,84.14,86.02,,,15.669420957565308
457,1.337285506063108e-05,0.39931966860029433,86.11111111111111,0.4638416081428528,84.06,86.02,,,15.32468295097351
458,1.3195145644013314e-05,0.3989960407574972,86.08,0.42939306488633155,84.78,86.02,,,15.377370357513428
459,1.301844525106953e-05,0.3908719813293881,86.02666666666667,0.5078470111489296,82.8,86.02,,,15.36696481704712
460,1.2842758726130295e-05,0.3930895256254408,86.32444444444444,0.4707483154773712,83.48,86.02,,,15.207410335540771
461,1.2668090885730446e-05,0.3981012802918752,85.83333333333333,0.4490432054281235,83.94,86.02,,,15.161338090896606
462,1.249444651847704e-05,0.3983318221092224,85.81555555555556,0.4269035259246826,85.36,86.02,,,16.649484872817993
463,1.2321830384918134e-05,0.39070142011642456,86.36222222222223,0.4739528467178345,83.56,86.02,,,16.357380628585815
464,1.21502472174122e-05,0.38870947586695354,86.31111111111112,0.4529101432323456,84.46,86.02,,,15.258769035339355
465,1.1979701719998469e-05,0.39065525641971166,86.21111111111111,0.4759903510570526,83.5,86.02,,,15.271233081817627
466,1.1810198568267908e-05,0.3942454637951321,86.11333333333333,0.44916173076853155,84.38,86.02,,,15.193422555923462
467,1.1641742409235043e-05,0.396633343717787,86.07555555555555,0.4317770176112652,84.9,86.02,,,15.130890130996704
468,1.1474337861210557e-05,0.393285110033883,86.31333333333333,0.4276467782497406,84.96,86.02,,,15.032790899276733
469,1.1307989513674707e-05,0.39354278422991434,86.32444444444444,0.4559564697742462,84.24,86.02,,,15.277989625930786
470,1.1142701927151468e-05,0.391880374818378,86.24,0.4362683344364166,85.1,86.02,,,17.541502237319946
471,1.0978479633083522e-05,0.38878825856844584,86.37555555555555,0.48405263090133666,83.36,86.02,,,17.322993278503418
472,1.0815327133708025e-05,0.3954091693242391,86.07777777777778,0.4284294295787811,85.44,86.02,,,16.792243242263794
473,1.0653248901933148e-05,0.39107091737323335,86.52444444444444,0.4758158827781677,83.64,86.02,,,16.82412552833557
474,1.04922493812155e-05,0.39310261121855844,86.27777777777777,0.4775982993364334,83.4,86.02,,,16.85831117630005
475,1.0332332985438246e-05,0.3937744702021281,86.14444444444445,0.46542891045808793,83.86,86.02,,,15.427912473678589
476,1.0173504098790202e-05,0.39191112518310545,86.24888888888889,0.46141320266723634,84.04,86.02,,,15.248287677764893
477,1.0015767075645487e-05,0.38820417719946965,86.35777777777778,0.41893976774215697,85.46,86.02,,,16.579788208007812
478,9.859126240444291e-06,0.3938741432401869,86.31555555555556,0.442477884888649,84.34,86.02,,,16.339815139770508
479,9.703585887574226e-06,0.3853148371378581,86.50666666666666,0.45286463794708254,84.26,86.02,,,15.280368089675903
480,9.549150281252641e-06,0.3954970370610555,86.27111111111111,0.4626652958631515,84.08,86.02,,,15.253106117248535
481,9.395823655409694e-06,0.38386527172724405,86.52,0.4171372452735901,85.46,86.02,,,15.248945951461792
482,9.243610213572293e-06,0.38348278102874755,86.65555555555555,0.46659980521798133,84.08,86.02,,,15.195587873458862
483,9.092514128748845e-06,0.38200140708287555,86.52888888888889,0.4380840484142303,84.96,86.02,,,15.260630369186401
484,8.942539543314808e-06,0.37774894462161596,86.74444444444444,0.4191417009353638,85.6,86.02,,,15.600842475891113
485,8.793690568899236e-06,0.3809732553164164,86.83555555555556,0.43081978253126146,84.74,86.02,,,16.918246507644653
486,8.645971286271914e-06,0.38899944236543443,86.54666666666667,0.4581635603904724,83.86,86.02,,,16.007821083068848
487,8.499385745231641e-06,0.38027858789232044,86.66222222222223,0.4528321704745293,84.54,86.02,,,15.19753122329712
488,8.353937964495039e-06,0.37943154476483665,86.53333333333333,0.4483715028524399,84.32,86.02,,,15.155928611755371
489,8.209631931586509e-06,0.38001174795892506,86.70444444444445,0.4296533389091492,84.96,86.02,,,15.188894748687744
490,8.066471602728815e-06,0.3831354927910699,86.32222222222222,0.47454124616086485,83.94,86.02,,,15.123631000518799
491,7.92446090273471e-06,0.38390761335690815,86.58888888888889,0.46993315848112105,84.5,86.02,,,15.165135860443115
492,7.783603724899257e-06,0.38208626378907096,86.66666666666667,0.4345474284172058,84.96,86.02,,,16.285005569458008
493,7.643903930893154e-06,0.37480733733177185,86.92666666666666,0.43119826217889784,85.42,86.02,,,17.346959352493286
494,7.505365350656823e-06,0.3797277403937446,86.61555555555556,0.41708055555820467,85.08,86.02,,,16.865370273590088
495,7.367991782295402e-06,0.3767159182654487,86.94,0.44779287683963775,84.74,86.02,,,16.914944171905518
496,7.2317869919746815e-06,0.37657133589850533,86.7688888888889,0.5051534857749939,83.12,86.02,,,17.224003076553345
497,7.096754713817782e-06,0.37485106372303434,86.85777777777778,0.4502412190437317,85.0,86.02,,,16.275643825531006
498,6.962898649802834e-06,0.3777417040189107,86.72888888888889,0.45453241345882417,84.86,86.02,,,15.212271451950073
499,6.830222469661429e-06,0.37830326285892063,86.78222222222222,0.4558505096912384,84.14,86.02,,,15.728891134262085
500,6.698729810778087e-06,0.380065872891744,86.68222222222222,0.42963036837577817,84.62,86.02,83.98,epoch_500.pt,18.072636365890503
501,6.568424278090457e-06,0.378435491487715,86.75777777777778,0.43438424880504606,84.82,86.02,,,15.790064334869385
502,6.439309443990532e-06,0.37963581324683293,86.57333333333334,0.4207946907043457,85.14,86.02,,,15.274413824081421
503,6.311388848226751e-06,0.378098420185513,86.82666666666667,0.4188147339820862,85.82,86.02,,,15.295019149780273
504,6.1846659978068315e-06,0.3782931895097097,86.67111111111112,0.47434066487550736,83.76,86.02,,,15.39567232131958
505,6.059144366901747e-06,0.3770856034596761,86.75333333333333,0.44026447529792784,85.06,86.02,,,15.249435663223267
506,5.934827396750403e-06,0.3779166502157847,86.84222222222222,0.43082290778160093,84.54,86.02,,,15.205330610275269
507,5.811718495565337e-06,0.3816220783657498,86.64444444444445,0.4706801604270935,84.0,86.02,,,16.393046855926514
508,5.689821038439273e-06,0.37691882900661894,86.7088888888889,0.46237033314704895,84.18,86.02,,,16.831976413726807
509,5.569138367252573e-06,0.37648681347635055,86.82444444444444,0.46360830272436143,84.66,86.02,,,15.337549924850464
510,5.449673790581621e-06,0.3735132789876726,86.89555555555556,0.40727308712005617,85.8,86.02,,,15.297858238220215
511,5.3314305836081425e-06,0.3752107394748264,86.91333333333333,0.4191467638492584,85.64,86.02,,,15.385447978973389
512,5.214411988029376e-06,0.3748189576413896,86.82666666666667,0.40921970846652983,85.8,86.02,,,15.290165185928345
513,5.098621211969222e-06,0.37177640890015495,86.8488888888889,0.43424183756113055,84.78,86.02,,,15.208066463470459
514,4.984061429890334e-06,0.37431523622936674,86.81333333333333,0.4176074162006378,84.54,86.02,,,15.267603158950806
515,4.870735782506978e-06,0.3683398507648044,87.00666666666666,0.42859601148068904,85.1,86.02,,,17.341978073120117
516,4.7586473766990414e-06,0.36859770805041,87.13777777777777,0.43770446614027025,85.0,86.02,,,16.953686714172363
517,4.647799285426766e-06,0.37467889448271857,86.79555555555555,0.42646173527240755,85.84,86.02,,,16.56645703315735
518,4.5381945476465824e-06,0.3725962107817332,86.92888888888889,0.46246433703303336,84.02,86.02,,,16.76509141921997
519,4.4298361682277445e-06,0.3699046825355954,86.98,0.42232080245018006,85.48,86.02,,,17.229830026626587
520,4.322727117869971e-06,0.37017445134056937,87.00888888888889,0.4659546672821045,84.0,86.02,,,15.664709091186523
521,4.216870333021958e-06,0.36638671522140503,87.03333333333333,0.4419345924437046,84.98,86.02,,,15.194653511047363
522,4.1122687158009625e-06,0.3654286333560944,86.95777777777778,0.4585601183518767,84.12,86.02,,,16.16412901878357
523,4.008925133913124e-06,0.36890806437598334,87.04,0.38923289818763734,86.1,86.1,,best_validation.pt,16.898869514465332
524,3.906842420574977e-06,0.36953938127623664,87.04444444444445,0.44581588327884675,84.08,86.1,,,15.337018489837646
525,3.806023374435671e-06,0.36882722348107233,87.08888888888889,0.44100354013442994,85.14,86.1,,,15.30291199684143
526,3.706470759500271e-06,0.36293921105596755,87.22666666666667,0.44190544435977935,85.0,86.1,,,15.300328016281128
527,3.608187305054013e-06,0.36184333385361567,87.26666666666667,0.4380720278978348,85.18,86.1,,,15.29897427558899
528,3.5111757055874396e-06,0.3700772054937151,86.99555555555555,0.39635124247074127,85.98,86.1,,,15.12343454360962
529,3.4154386207225617e-06,0.36688119224972193,86.99111111111111,0.41528905992507936,84.96,86.1,,,15.14781641960144
530,3.3209786751399196e-06,0.3637216164986293,87.2088888888889,0.41717997274398805,85.58,86.1,,,16.511690855026245
531,3.2277984585066434e-06,0.3599422081152598,87.33777777777777,0.4120051895618439,85.28,86.1,,,16.227944374084473
532,3.135900525405434e-06,0.36836709003448487,86.96666666666667,0.439896399641037,84.74,86.1,,,15.198800563812256
533,3.0452873952645576e-06,0.3688939646244049,86.96222222222222,0.435952681183815,84.82,86.1,,,15.17136526107788
534,2.9559615522887337e-06,0.36879039634068805,87.08888888888889,0.4703165299654007,83.98,86.1,,,15.169336795806885
535,2.867925445391085e-06,0.3617584113703834,87.25555555555556,0.42576655778884887,84.84,86.1,,,15.283620834350586
536,2.7811814881259563e-06,0.3640637793911828,87.36666666666666,0.4023849246263504,85.78,86.1,,,15.189507722854614
537,2.695732058622741e-06,0.36711105504565766,87.10444444444444,0.42628434685468675,85.38,86.1,,,16.12123441696167
538,2.611579499520728e-06,0.36165394853485955,87.28444444444445,0.43779849896430967,84.92,86.1,,,17.65876293182373
539,2.528726117904817e-06,0.3628275186167823,87.20444444444445,0.4458381675720215,85.22,86.1,,,16.768315076828003
540,2.447174185242329e-06,0.36049343847698634,87.52666666666667,0.41355855431556704,85.88,86.1,,,16.449262619018555
541,2.3669259373206906e-06,0.35883661222722796,87.52222222222223,0.4406115612506866,84.96,86.1,,,17.039692878723145
542,2.2879835741861637e-06,0.35839005596902634,87.36888888888889,0.39952721691131593,86.58,86.58,,best_validation.pt,17.266676425933838
543,2.2103492600834986e-06,0.3594715926064385,87.2688888888889,0.4263292188882828,85.1,86.58,,,15.35530972480774
544,2.1340251233966422e-06,0.3602124469227261,87.30444444444444,0.4355117349147797,85.3,86.58,,,15.571083784103394
545,2.0590132565903514e-06,0.35746481009059483,87.46222222222222,0.42032574088573454,85.62,86.58,,,16.563284873962402
546,1.9853157161528506e-06,0.3555596321847704,87.57333333333334,0.42242577157020567,85.28,86.58,,,16.351306676864624
547,1.912934522539437e-06,0.3583177345275879,87.37333333333333,0.40731239981651307,85.86,86.58,,,15.400311946868896
548,1.8418716601170983e-06,0.3591933189286126,87.38444444444444,0.45329936697483064,85.14,86.58,,,15.339900255203247
549,1.772129077110105e-06,0.3587124263657464,87.52222222222223,0.42788654770851137,85.52,86.58,,,15.372816801071167
550,1.7037086855465878e-06,0.3558618448416392,87.4888888888889,0.45126227262020113,84.46,86.58,,,15.31164836883545
551,1.6366123612061665e-06,0.3559798202726576,87.37555555555555,0.42397343804836274,85.22,86.58,,,15.240050315856934
552,1.5708419435684494e-06,0.35763910295698376,87.21111111111111,0.4325552886486054,85.26,86.58,,,16.086618423461914
553,1.506399235762665e-06,0.35637277251349553,87.44222222222223,0.42305885915756225,85.76,86.58,,,16.611258029937744
554,1.4432860045182044e-06,0.3556571734905243,87.63777777777777,0.4127352677822113,85.26,86.58,,,15.62106704711914
555,1.3815039801161749e-06,0.3543283383634355,87.66222222222223,0.4228997067451477,85.36,86.58,,,15.254887104034424
556,1.3210548563419881e-06,0.3555797304524316,87.5,0.3965894913196564,86.5,86.58,,,15.280553340911865
557,1.2619402904389147e-06,0.3519471194797092,87.58,0.436488889503479,85.14,86.58,,,15.274951457977295
558,1.2041619030626364e-06,0.35501292436917625,87.59555555555555,0.41033808767497537,85.84,86.58,,,15.192286491394043
559,1.1477212782368208e-06,0.35519741037686664,87.48666666666666,0.4093328680932522,86.12,86.58,,,15.14450478553772
560,1.0926199633097233e-06,0.34934919102986656,87.68444444444444,0.42039374541640284,85.4,86.58,,,16.96985650062561
561,1.038859468911709e-06,0.3508365243487888,87.6,0.420024613827467,85.26,86.58,,,17.545316219329834
562,9.864412689139142e-07,0.3495276870727539,87.68888888888888,0.40382720957398416,85.98,86.58,,,16.866395235061646
563,9.353668003877453e-07,0.3517887910630968,87.76222222222222,0.42286695099174976,84.84,86.58,,,16.853132724761963
564,8.856374635655712e-07,0.3471609780576494,87.72222222222223,0.4428837034702301,84.72,86.58,,,16.836262226104736
565,8.372546218022764e-07,0.3513255704879761,87.64666666666666,0.4010680193424225,85.52,86.58,,,16.222350358963013
566,7.902196015379076e-07,0.35217438306808474,87.46222222222222,0.4231469679892063,85.72,86.58,,,15.365668058395386
567,7.445336922613081e-07,0.34324703465037876,88.00666666666666,0.4234019882798195,85.38,86.58,,,16.440680027008057
568,7.001981464747523e-07,0.34870623291863334,87.86888888888889,0.3990848582625389,86.12,86.58,,,16.588680744171143
569,6.572141796596389e-07,0.3512610175450643,87.54888888888888,0.4309285160779953,85.88,86.58,,,15.460151672363281
570,6.155829702431183e-07,0.34102047833336724,87.89777777777778,0.41004152122735976,85.72,86.58,,,15.311143398284912
571,5.753056595658235e-07,0.3432370645152198,87.96888888888888,0.4326845274448395,84.96,86.58,,,15.349455833435059
572,5.363833518505845e-07,0.3465975007428063,87.74888888888889,0.4176444324493408,85.32,86.58,,,15.427569389343262
573,4.988171141721242e-07,0.3397590634822846,88.13555555555556,0.41640542533397673,85.76,86.58,,,15.281962633132935
574,4.6260797642782115e-07,0.3372383468680912,88.29555555555555,0.42377436705827715,85.16,86.58,,,15.21876311302185
575,4.2775693130948186e-07,0.34121446737713285,88.06,0.4000266101837158,85.82,86.58,,,16.586397886276245
576,3.9426493427611267e-07,0.33898919729126825,88.16444444444444,0.4152738032102585,85.3,86.58,,,16.507244348526
577,3.6213290352772405e-07,0.33905306782192657,88.16666666666667,0.40629458703994753,86.1,86.58,,,15.242376327514648
578,3.313617199801785e-07,0.3384531596501668,87.97555555555556,0.4070054311752319,86.02,86.58,,,15.28743052482605
579,3.019522272410154e-07,0.3369287910196516,88.11777777777777,0.4112516802161932,86.18,86.58,,,15.305915117263794
580,2.7390523158633617e-07,0.3366947108851539,88.24666666666667,0.41016919056177137,86.18,86.58,,,15.281197309494019
581,2.472215019386887e-07,0.3342270660003026,88.32444444444444,0.4088963900089264,85.84,86.58,,,15.11505389213562
582,2.2190176984600074e-07,0.33106783101823595,88.43333333333334,0.4058690228223801,86.54,86.58,,,15.735034465789795
583,1.9794672946152384e-07,0.3348801482094659,88.15777777777778,0.4326072695046663,85.52,86.58,,,17.620821237564087
584,1.753570375247819e-07,0.3335547040038639,88.10888888888888,0.40681726732850076,86.24,86.58,,,17.320324897766113
585,1.541333133436022e-07,0.3315732353846232,88.35777777777778,0.3946571408957243,86.52,86.58,,,16.90796399116516
586,1.3427613877709556e-07,0.3248155481338501,88.52666666666667,0.4009270122885704,86.28,86.58,,,17.231688261032104
587,1.1578605821973594e-07,0.31992204132080077,88.70222222222222,0.4056612687587738,86.02,86.58,,,16.85133385658264
588,9.86635785864223e-08,0.324189987733629,88.74,0.40216931569576264,85.94,86.58,,,15.378752708435059
589,8.290916929858415e-08,0.32636262781884934,88.48,0.40268377096652985,86.4,86.58,,,15.449700832366943
590,6.852326227130851e-08,0.32555986653433905,88.52,0.4146386027276516,85.56,86.58,,,16.765475749969482
591,5.5506251901504966e-08,0.31904149436420864,88.84222222222222,0.3925809093952179,86.02,86.58,,,16.18281364440918
592,4.385849505708095e-08,0.3221175576315986,88.76,0.40337933120727537,86.28,86.58,,,15.306395769119263
593,3.358031106718848e-08,0.32035447207556833,88.7311111111111,0.39131868698596955,86.68,86.68,,best_validation.pt,15.33795976638794
594,2.4671981713420062e-08,0.3199682255321079,88.84,0.3951942089557648,85.96,86.68,,,15.278782367706299
595,1.713375122213705e-08,0.31534354379971824,89.08666666666667,0.37901390883922575,86.8,86.8,,best_validation.pt,15.25826644897461
596,1.0965826257725048e-08,0.3141555048200819,88.94666666666667,0.3863847366333008,86.74,86.8,,,15.165205001831055
597,6.16837591697063e-09,0.31437867608335285,88.94444444444444,0.3915897494912148,86.56,86.8,,,15.687754154205322
598,2.74153172439285e-09,0.3096464416768816,89.03333333333333,0.37910590466260913,86.58,86.8,,,16.728755950927734
599,6.853876286627721e-10,0.30692855708864,89.33777777777777,0.38131945266127587,86.58,86.8,,,15.809732913970947
600,0.0,0.3005676500638326,89.52,0.37173936564922333,87.42,87.42,84.91,epoch_600.pt,16.686062812805176
